{"0": [-3.5186161396964146, 8.016005235023425], "1": [-2.80526134407764, -3.0951473334526804], "2": [-0.43724699853902316, -0.855600981777489], "3": [-4.243337736242286, 10.0], "4": [-2.885648051917053, 2.889608977182141], "5": [-1.6961643205754489, -5.735392785823785], "6": [-5.226946611816268, 8.145359130522692], "7": [0.834535595044846, -6.920297669739236], "8": [-2.260082575523857, 5.838939813488574], "9": [-0.22657460838212512, 7.405419792794281], "10": [9.810133343590653, -5.348861760606681], "11": [8.008117135820905, -5.701299741034598], "12": [-1.920591369848157, 7.645727475496224], "13": [-1.8496391751541807, -0.5740794899023499], "14": [-3.0155512118367915, -7.207719633191618], "15": [5.854038683591204, -6.49000687558539], "16": [-3.103164969292403, -0.11141735514365161], "17": [4.03589470351142, -9.299900954332808], "18": [3.490652511628541, -7.461935232822744], "19": [1.1554531397140815, 8.86059938890569], "20": [-7.521223051499383, 2.7819407611553735]}