{"0": [2.26359409527886, 8.25914577029688], "1": [-1.0039562575324203, -2.344784196664778], "2": [-2.0122438356088503, -7.846523667754938], "3": [0.8898812518499978, 6.126103399099785], "4": [0.862602490214405, -2.9628540033293302], "5": [-2.008719203281184, -10.0], "6": [-0.8479492370930194, 0.7246185344408005], "7": [3.7837175102438754, 9.689064496980544], "8": [-0.18915294224961723, 3.573110422545145], "9": [-1.7377738718220466, -5.217880755614108], "10": [-5.297824533803039, -7.228091565093303]}