{"0": [-0.5026519876262717, 6.602244334564193], "1": [1.4464687974164139, -6.490011942331739], "2": [-2.7627413883076897, 4.274386004302947], "3": [4.370067082549047, 5.720219477202379], "4": [-1.170657149289115, 0.028671075428636877], "5": [3.0613131462098115, 5.0293574388432924], "6": [-0.13847822533481433, 0.6668206388364125], "7": [-0.5777330375343587, 3.3067736711977767], "8": [3.1323643610075345, -9.38700506324128], "9": [2.062765803504383, -8.496730007786967], "10": [1.3179424309677856, -4.1470454104487295], "11": [0.6234497024824323, -1.7747462087143473], "12": [2.600281040759929, -4.344274377943908], "13": [-5.563319755855124, 6.48226515442085], "14": [0.424568875893357, -7.307269151067632], "15": [1.801547207427339, -10.0], "16": [-0.5573268209964987, 5.097102279347149], "17": [1.377232192869201, 4.1815263225817], "18": [-6.228117245957317, 5.299645930783818], "19": [-4.716975030186038, 5.258069834025456], "20": [-2.9949422547440188, -2.4903856551906878]}