{"0": [1.7883020940449197, -6.501258219354735], "1": [-0.09461576439710116, 5.887455599921603], "2": [-9.54195885114404, 3.090550476316288], "3": [1.913576411140264, 8.622360243180665], "4": [1.7904381477601168, -2.023710215614345], "5": [-5.988715321512419, 2.6322404330402613], "6": [2.1671280232716703, -10.0], "7": [4.916272145973677, -3.501009707083408], "8": [-1.5486513589528164, 1.954895017549083], "9": [4.5982244738157325, -0.1615236279554092], "10": [2.174689807541177, -2.0957294884675397]}