{"0": [-3.7267351451233672, 5.522372627586854], "1": [3.186256467918695, -2.9111295550927876], "2": [-7.961436326017641, -5.556277910992659], "3": [0.8326822263148825, 3.4563350194459295], "4": [-2.2124674367141566, -6.251681045258924], "5": [5.226187310074576, 6.4454399372570705], "6": [-2.5139150587877013, 7.130546840114079], "7": [5.0214244774775825, 8.642647555305853], "8": [0.9811861406174252, -5.46854213995801], "9": [2.00721176816649, -7.36795044575948], "10": [6.821568341829167, -0.08208370116463615], "11": [3.8492710577637133, 3.469640996127944], "12": [-10.0, -4.888362115561937], "13": [6.891115836842882, 7.875741653228834], "14": [-6.455786301903229, -8.212239823486044], "15": [-5.378825311406386, -6.460011774289734], "16": [4.614102844874359, 0.16628303057034827], "17": [-1.6564193598568882, 5.148864321711125], "18": [0.16430853469994813, -1.5503328792310724], "19": [0.31026993322965823, 0.8907394094472456], "20": [-2.0500635690332474, -1.3122559324049288]}