{"0": [-1.6355740548368694, 8.501750874048737], "1": [-0.13308631910677587, 6.79105932519567], "2": [2.6904184307542818, -3.0042007883268083], "3": [-0.2925950387541266, -5.280966108180992], "4": [0.10683357056498992, 3.7992299464917862], "5": [0.6333144890248796, -2.4072099606373913], "6": [-1.066484459510341, -7.872969599387933], "7": [-1.7108131898419365, -10.0], "8": [0.3471108005468162, 0.7359795500171737], "9": [1.060875771159086, 8.737326760779759], "10": [4.82490986420497, 11.160678010984547]}