{"0": [0.13571798753301706, -10.0], "1": [4.230881469136226, 1.8245004456373073], "2": [2.986200188443537, 6.1772824268202156], "3": [-1.0829644254182, -6.87994996340688], "4": [1.013540538956425, 2.2731524473558458], "5": [0.018703979371589956, -2.485234599488061], "6": [-2.603140749368722, 3.9569603606433805], "7": [-3.567112950736472, -9.142536296464773], "8": [-5.6470026770712485, 5.017121153314747], "9": [4.515176639153846, 9.25870402558822], "10": [2.0864499880137855, -10.375441906149632]}