{"0": [7.3568925339664215, -3.1320788056965054], "1": [-3.7645063432160697, 0.4712198390039917], "2": [-9.805794061896291, 2.554136742930583], "3": [0.39668134967896373, -0.5455689477814253], "4": [0.6070817094434636, 4.482390999696375], "5": [-1.5599740913129927, -1.0212503446963948], "6": [-0.15005459142885588, 1.6519479197592744], "7": [4.0692052784163035, -2.0305787768729675], "8": [-7.149531783650942, 1.5851997009419885], "9": [10.0, -4.015418327284923], "10": [-4.942650323510898, -1.8018995998986544]}