{"0": [0.18415525654041906, 2.8069972890509987], "1": [-8.290392990007321, 4.128948014606729], "2": [-1.5362152112638985, -2.063695952358588], "3": [8.965910487696423, 5.218859835129892], "4": [2.85179785023283, -1.1500810169036897], "5": [-5.160500002273559, 1.0740625652486568], "6": [-6.226470247152527, -4.209854862769351], "7": [10.0, 0.6204868098718614], "8": [5.700720957460867, 2.1511219953943654], "9": [-6.4890061012332385, -8.576844677270877], "10": [-1.4487663077220372, 3.8843767701555194]}